{"train_loss":2.9524272717078697,"_wandb":{"runtime":59300},"_timestamp":1.773809943174779e+09,"_runtime":59300,"train_steps_per_second":0.16,"eval/samples_per_second":136.667,"_step":113,"train/grad_norm":0.2578125,"train_runtime":59073.2156,"total_flos":1.26557318283264e+18,"eval/steps_per_second":34.168,"eval/runtime":222.7822,"train_samples_per_second":40.996,"train/loss":2.568,"train/epoch":0.803436474455354,"eval/loss":2.4937472343444824,"train/global_step":9460,"train/learning_rate":6.332625436683559e-08}